{
  "training_time_hours": 0.047976852986547684,
  "best_val_loss": Infinity,
  "final_epoch": 99,
  "training_history": {
    "train_reconstruction": [
      93857789.80566406,
      700336.0625,
      667311.583984375,
      83260414.98242188,
      6781248.40625,
      150572050.0,
      1954021.0478515625,
      39388450.5,
      2196621.234375,
      1501311.125,
      18034982.452148438,
      783091.6796875,
      33119045.34375,
      299752.4453125,
      7599350.407714844,
      35142779.7109375,
      2470689.98046875,
      135960877.52734375,
      6118713.361541748,
      314503.997841835,
      2808470.1875,
      4574173.603515625,
      15308208.482421875,
      2235437.0622115135,
      82419202.734375,
      930119.6171875,
      27246363.125,
      3737705.7841796875,
      149456845.86862183,
      223717.828125,
      4524.703857421875,
      48018761.125,
      1924077.8125,
      37878311.59716034,
      2292940.5,
      2797634.25,
      1777524.1337890625,
      575858.1953125,
      1493154.582069397,
      486471.15625,
      6241407.434525967,
      2969970.8215942383,
      12037447.75,
      2423622.453125,
      3283902.640625,
      2047529.6435546875,
      36616502.578125,
      185008.71577596664,
      29136.40234375,
      71089738.32226562,
      9516549.410888672,
      357202.15520095825,
      3468553.4375,
      22819626.75,
      4779781.5058403015,
      1482239.8125,
      852933.9983081818,
      23743075.8125,
      38024659.61450195,
      9217222.418964386,
      17638254.421875,
      193438494.65039062,
      334672.84765625,
      333714.18729925156,
      129465917.69116211,
      728545.34375,
      214632864.47631836,
      1558363.28125,
      38242146.88623047,
      2515693.4521484375,
      69830908.43452597,
      2178485.9638671875,
      97218135.9375,
      143151695.5234375,
      3001711.0596466064,
      11440116.03125,
      5966871.783025742,
      268910820.4425154,
      1049102.46875,
      49155676.449300766,
      24707539.204589844,
      140933.66102266312,
      52808.41277837753,
      3085627.1796875,
      32109572.8828125,
      4123556.9676942825,
      14332964.25,
      33619329.16699219,
      1732465.1215820312,
      44258527.53125,
      1772797.9549560547,
      81485.97509765625,
      40755325.0,
      10605879.1484375,
      1264242.125,
      91315627.96875,
      3309794.3046875,
      14187606.65625,
      4586147.28125,
      6840463.3994140625
    ],
    "train_consistency": [
      203.2647213935852,
      31.815896034240723,
      27.916939735412598,
      128.73043274879456,
      77.43524169921875,
      245.50127792358398,
      35.53900134563446,
      147.52706146240234,
      37.65549278259277,
      35.66845464706421,
      82.2723945081234,
      31.374945640563965,
      93.11404323577881,
      12.05094051361084,
      38.211206778883934,
      101.52311515808105,
      40.45010542869568,
      193.19381511211395,
      43.792540311813354,
      14.494718790054321,
      47.71083450317383,
      45.98118531703949,
      71.74950635433197,
      34.487897634506226,
      156.48352718353271,
      21.275404453277588,
      82.2625641822815,
      34.047054171562195,
      243.83772468566895,
      11.298289775848389,
      3.0631831884384155,
      98.50783824920654,
      27.924038887023926,
      97.97217512130737,
      40.51613712310791,
      50.270389556884766,
      27.166698455810547,
      16.491860151290894,
      31.047611236572266,
      12.520795345306396,
      51.81177759170532,
      38.92690992355347,
      61.34060287475586,
      27.574498414993286,
      41.331204652786255,
      23.43266725540161,
      107.89917159080505,
      12.882163524627686,
      4.205088555812836,
      121.55176424980164,
      58.74521279335022,
      10.992673635482788,
      48.13218307495117,
      94.05297613143921,
      39.84053635597229,
      18.88182783126831,
      22.062811374664307,
      119.1301498413086,
      105.83235192298889,
      67.39984083175659,
      68.897376537323,
      237.7172451019287,
      9.006468296051025,
      15.269592761993408,
      146.1683611869812,
      14.978235423564911,
      287.8458442687988,
      24.51575803756714,
      146.16595077514648,
      33.20169544219971,
      120.04470634460449,
      30.77773892879486,
      147.0528335571289,
      144.37240171432495,
      40.10199975967407,
      62.55390501022339,
      54.52446365356445,
      289.2482752799988,
      25.13759708404541,
      144.57757925987244,
      98.80186724662781,
      12.105895042419434,
      7.126610517501831,
      24.364798069000244,
      85.95113205909729,
      42.53738594055176,
      95.36847114562988,
      111.99011582136154,
      25.246199250221252,
      115.00727891921997,
      19.40838885307312,
      2.998863995075226,
      150.5201416015625,
      50.21565666794777,
      29.480916023254395,
      163.85581922531128,
      37.5991153717041,
      51.62335968017578,
      34.75779151916504,
      54.18699640035629
    ],
    "train_total_loss": [
      93857992.12353516,
      700367.90625,
      667339.478515625,
      83260545.83007812,
      6781325.65625,
      150572294.25,
      1954056.63671875,
      39388598.75,
      2196658.91796875,
      1501346.8515625,
      18035064.85900879,
      783123.0703125,
      33119138.84375,
      299764.49609375,
      7599388.552734375,
      35142879.7421875,
      2470730.5283203125,
      135961069.68920898,
      6118757.229431152,
      314518.489654541,
      2808517.9375,
      4574219.822265625,
      15308280.373535156,
      2235471.4348802567,
      82419355.828125,
      930140.9140625,
      27246444.96875,
      3737739.9213867188,
      149457089.15296936,
      223729.1328125,
      4527.7669677734375,
      48018858.0,
      1924105.6875,
      37878408.68991089,
      2292980.9375,
      2797684.5,
      1777551.3344726562,
      575874.6561279297,
      1493185.572265625,
      486483.6875,
      6241459.471439362,
      2970009.8172035217,
      12037509.125,
      2423650.1396484375,
      3283944.0,
      2047553.029296875,
      36616609.671875,
      185021.59905815125,
      29140.606689453125,
      71089859.33789062,
      9516608.04296875,
      357213.1600074768,
      3468601.4375,
      22819719.84375,
      4779821.176609039,
      1482258.625,
      852956.0458316803,
      23743195.625,
      38024766.427978516,
      9217290.224658966,
      17638323.40625,
      193438738.11499023,
      334681.85546875,
      333729.44557476044,
      129466066.09350586,
      728560.3125,
      214633156.14764404,
      1558387.859375,
      38242293.93017578,
      2515726.6982421875,
      69831025.14611053,
      2178516.642578125,
      97218284.6875,
      143151843.9921875,
      3001751.0393238068,
      11440178.9140625,
      5966926.114027023,
      268911113.30483437,
      1049127.625,
      49155820.44870949,
      24707638.540527344,
      140945.76210212708,
      52815.541209220886,
      3085651.6484375,
      32109657.953125,
      4123599.5559682846,
      14333059.75,
      33619442.11669922,
      1732490.3159179688,
      44258640.859375,
      1772817.3059082031,
      81488.97216796875,
      40755475.5,
      10605929.423828125,
      1264271.625,
      91315792.59375,
      3309831.94140625,
      14187658.53125,
      4586181.90625,
      6840517.4638671875
    ]
  },
  "config": {
    "model_name": "poisson_diffusion_photography",
    "dataset_path": "/tmp/dummy",
    "batch_size": 16,
    "learning_rate": 0.0001,
    "num_epochs": 100,
    "warmup_epochs": 5,
    "optimizer": "adamw",
    "weight_decay": 0.01,
    "beta1": 0.9,
    "beta2": 0.999,
    "eps": 1e-08,
    "scheduler": "cosine",
    "min_lr": 1e-06,
    "scheduler_patience": 10,
    "loss_type": "poisson_gaussian",
    "loss_weights": {
      "reconstruction": 1.0,
      "consistency": 0.1
    },
    "gradient_clip_norm": 1.0,