{
  "photography": {
    "5000e": {
      "electron_count": 5000,
      "statistics": {
        "psnr_mean": 0.22795764729380608,
        "psnr_std": 0.0,
        "chi2_mean": 652.389892578125,
        "chi2_std": 0.0,
        "time_mean": 3.691298246383667,
        "time_std": 0.0
      },
      "samples": [
        {
          "sample_id": 0,
          "file_name": "scene_00189",
          "metrics": {
            "psnr": 0.22795764729380608,
            "ssim": 0.02890492959110475,
            "lpips": 0.0,
            "chi2_consistency": 652.389892578125
          },
          "inference_time": 3.691298246383667
        }
      ]
    }
  },
  "microscopy": {
    "2000e": {
      "electron_count": 2000,
      "statistics": {
        "psnr_mean": 2.168433517217636,
        "psnr_std": 0.0,
        "chi2_mean": 192.971435546875,
        "chi2_std": 0.0,
        "time_mean": 3.4638495445251465,
        "time_std": 0.0
      },
      "samples": [
        {
          "sample_id": 0,
          "file_name": "seq2041_frame000",
          "metrics": {
            "psnr": 2.168433517217636,
            "ssim": 0.01322681087921156,
            "lpips": 0.0,
            "chi2_consistency": 192.971435546875
          },
          "inference_time": 3.4638495445251465
        }
      ]
    }
  },
  "astronomy": {}
}