{
  "training_time_hours": 100.4239404422707,
  "best_val_loss": -13.20999848888533,
  "final_epoch": 99,
  "training_history": {
    "train_reconstruction": [
      48.05634536337862,
      27.702857628172985,
      23.059129667101125,
      17.80498786345035,
      15.952123791646157,
      16.510866708163494,
      13.017899380854688,
      9.455208354689482,
      9.821089521139752,
      6.250508430632315,
      7.982272242075721,
      6.4946476112376965,
      3.352200797746718,
      3.101545956942781,
      3.573491259552077,
      4.096641109899859,
      1.1970933713390977,
      -0.8379600471048606,
      0.6260905398209953,
      0.8278006554495274,
      2.0401309714810734,
      0.7082717967804937,
      0.08996429745907122,
      -0.8245872154450874,
      -1.2628665581803964,
      -0.28029168778498365,
      -0.8379906898336891,
      -1.2179229929537188,
      -1.859902693880733,
      -1.6456648288514202,
      -2.2724610212096397,
      -1.1613479201918928,
      -2.5968484345122524,
      -2.739457827512379,
      -3.020455510341021,
      -3.3701126253841833,
      -1.965645910747114,
      -4.134059043959098,
      -4.456671682616924,
      -3.470967794239783,
      -5.184850064179586,
      -3.52160255533252,
      -4.770216206741295,
      -4.529515814737135,
      -5.135162600780839,
      -4.176919550638269,
      -4.190888681836334,
      -6.24577170395513,
      -5.940279175145265,
      -6.726953470309258,
      -5.248690853923071,
      -7.247772710916522,
      -5.070065048215535,
      -6.352259463886237,
      -6.9602887527470205,
      -7.259337056060576,
      -7.686485607121951,
      -7.372858411471366,
      -7.239989681019813,
      -7.6771992110474985,
      -7.282303541791568,
      -8.069601961789944,
      -7.988835222099335,
      -8.120528035791597,
      -7.979170629740524,
      -8.148435386883774,
      -8.17439005082779,
      -8.28415838941259,
      -7.861562849900935,
      -8.930292353111412,
      -8.556260608243814,
      -8.491245705037535,
      -8.72319337168111,
      -8.645986638227987,
      -8.963416251033557,
      -9.228391130415025,
      -9.23967550540156,
      -8.070856881180955,
      -9.201020749161541,
      -8.709428233459526,
      -9.054201708556626,
      -9.40191240665844,
      -9.325024609179007,
      -9.500187051115253,
      -9.583386791705538,
      -8.857492155996361,
      -8.67977682097145,
      -8.7978980478511,
      -9.01276143222059,
      -9.52100745697189,
      -9.107555573876862,
      -9.782379524800904,
      -9.82828314024903,
      -9.678646002397912,
      -9.330386397659874,
      -9.473105825772535,
      -9.105949643664465,
      -9.73140560572612,
      -9.274135418641082,
      -9.399776699766369
    ],
    "train_consistency": [
      0.12082724085089178,
      0.10443707632190759,
      0.10568449285258645,
      0.09612308513213885,
      0.10428834164206681,
      0.09946836390924356,
      0.09935581929073083,
      0.09681872255950229,
      0.09738980012856903,
      0.09782993740805314,
      0.09877723994934794,
      0.09823490048709757,
      0.09555796521530337,
      0.09420267706173217,
      0.09422436763644643,
      0.09797086209189734,
      0.09378146113705223,
      0.09182014025491411,
      0.09096752387621539,
      0.09348829406549126,
      0.09177256450365393,
      0.09066566518865841,
      0.08953060554680937,
      0.09079369555481033,
      0.09008766581789752,
      0.09151511938590036,
      0.09065757800052497,
      0.08989726595249517,
      0.08738118541757924,
      0.08970622315124638,
      0.08689491656980776,
      0.08992919508511772,
      0.08710624073685827,
      0.08477580919450177,
      0.08612527878601249,
      0.08427578253680643,
      0.08751927055189196,
      0.08456289913114909,
      0.08461683359888895,
      0.08474478540586083,
      0.0833846178818377,
      0.0849327409962364,
      0.08389603674274661,
      0.08348772247004052,
      0.0819691906205393,
      0.08407923062865448,
      0.08392934236748337,
      0.08037940851377645,
      0.08054325710857901,
      0.07955035536786816,
      0.08131278874497222,
      0.07936220797873837,
      0.08043713866450418,
      0.07953473797219716,
      0.07886183620103096,
      0.0782910957710153,
      0.07807324038339608,
      0.07748222258247767,
      0.07792141222276587,
      0.077324766644407,
      0.07821651116743088,
      0.07599834718726035,
      0.07658638180280235,
      0.07620646559281558,
      0.07557086023466285,
      0.0760890886821396,
      0.07533692227901341,
      0.07510251087168007,
      0.07599634306340304,
      0.07431559836160045,
      0.0740345476591926,
      0.07429029433100386,
      0.07373529526798886,
      0.07480441171973494,
      0.07333139229464326,
      0.07267257735387861,
      0.07305980021673027,
      0.07386810186522211,
      0.07252032578831602,
      0.07306426758893979,
      0.07302428570015469,
      0.07214492657422081,
      0.07245845778217966,
      0.07216989540537443,
      0.07155656174458362,
      0.07235185543162272,
      0.07296887294120617,
      0.07272609130966265,
      0.07182762338708241,
      0.0715686810351311,
      0.0717335315334133,
      0.07113723535024827,
      0.07094200434184794,
      0.07117416095012537,
      0.07123246035290527,
      0.07103138853249051,
      0.0713899400407597,
      0.07093590861631256,
      0.07123886056034286,
      0.07122872679189818
    ],