{
  "training_time_hours": 0.06767541766166688,
  "best_val_loss": 20773.498326301575,
  "final_epoch": 99,
  "training_history": {
    "train_reconstruction": [
      136713008.0,
      208001360.0,
      3523102.75,
      1247949.25,
      1826296.25,
      776233.375,
      1872900.375,
      156430144.0,
      127945416.0,
      750604.6875,
      5025299.5,
      2300564.0,
      26946878.0,
      3586346.0,
      197872768.0,
      255930.171875,
      26953178.0,
      4759531.5,
      123554728.0,
      3028628.5,
      18882708.0,
      781573.6875,
      981095.125,
      182527.046875,
      12495334.0,
      259315344.0,
      2781579.25,
      184612896.0,
      152968656.0,
      23794318.0,
      3629816.0,
      84683960.0,
      45617056.0,
      7012279.5,
      234605616.0,
      35205024.0,
      8895104.0,
      5045113.5,
      167955072.0,
      4660313.0,
      145894048.0,
      1891209.5,
      40154160.0,
      277692832.0,
      4600737.0,
      12522803.0,
      17289808.0,
      12105387.0,
      5237451.5,
      3798163.0,
      602493.75,
      475045.28125,
      2137923.0,
      22312640.0,
      157641.328125,
      676520.6875,
      278653600.0,
      2230291.0,
      695904.3125,
      143035584.0,
      7671924.5,
      566199.0625,
      79549216.0,
      737264.6875,
      1033301.75,
      731422.75,
      342959.96875,
      55115092.0,
      49820312.0,
      2550239.0,
      11206044.0,
      183136.0,
      61098940.0,
      86077768.0,
      281268800.0,
      11467296.0,
      98850688.0,
      2983538.75,
      2682538.75,
      732200.3125,
      6833054.0,
      193895488.0,
      180821232.0,
      72994448.0,
      9922040.0,
      295335.3125,
      9163404.0,
      218586544.0,
      344920.375,
      8908805.0,
      95420856.0,
      486008.96875,
      96348.6875,
      29937622.0,
      3167456.75,
      4080467.75,
      342922688.0,
      82402144.0,
      179192768.0,
      3463011.75
    ],
    "train_consistency": [
      299.79119873046875,
      241.1904754638672,
      47.69356155395508,
      49.16058349609375,
      42.747154235839844,
      25.128761291503906,
      41.69060134887695,
      229.7855987548828,
      197.5865936279297,
      24.058595657348633,
      58.7987174987793,
      28.788366317749023,
      109.70747375488281,
      58.172088623046875,
      219.575927734375,
      16.60268211364746,
      114.22138977050781,
      68.02349853515625,
      203.69854736328125,
      40.0422477722168,
      90.63785552978516,
      31.969125747680664,
      25.044218063354492,
      11.111549377441406,
      125.6510009765625,
      289.5677185058594,
      46.01994705200195,
      209.9830322265625,
      322.2815856933594,
      92.59453582763672,
      54.927650451660156,
      160.6683807373047,
      131.2641143798828,
      64.5685043334961,
      343.9087219238281,
      107.88795471191406,
      63.962493896484375,
      65.81877899169922,
      227.28689575195312,
      56.13592529296875,
      191.31324768066406,
      37.680789947509766,
      139.01336669921875,
      387.7681579589844,
      53.813106536865234,
      82.66560363769531,
      80.05406951904297,
      89.42742919921875,
      58.67201614379883,
      34.744930267333984,
      20.402244567871094,
      18.521520614624023,
      38.21390151977539,
      93.8043212890625,
      7.991343021392822,
      23.201690673828125,
      379.1612548828125,
      47.02207565307617,
      18.308443069458008,
      261.0097961425781,
      64.66838836669922,
      20.369003295898438,
      191.3518524169922,
      22.237567901611328,
      29.808786392211914,
      19.605819702148438,
      14.226106643676758,
      135.29747009277344,
      183.6792449951172,
      37.15702819824219,
      56.11983108520508,
      14.6334867477417,
      154.66978454589844,
      143.3005828857422,
      365.5196838378906,
      52.208740234375,
      172.1934356689453,
      34.0851936340332,
      35.45443344116211,
      17.927978515625,
      74.68335723876953,
      209.0536651611328,
      191.5270538330078,
      144.29364013671875,
      63.14565658569336,
      15.017829895019531,
      59.596954345703125,
      286.3265075683594,
      12.334063529968262,
      58.10065841674805,
      157.95840454101562,
      14.970605850219727,
      4.135141372680664,
      89.9318618774414,
      37.156761169433594,
      52.42445755004883,
      548.7992553710938,
      237.7000274658203,
      264.5356140136719,
      36.192440032958984
    ],
    "train_total_loss": [
      136713312.0,
      208001600.0,
      3523150.5,
      1247998.375,
      1826339.0,
      776258.5,
      1872942.125,
      156430368.0,
      127945616.0,
      750628.75,
      5025358.5,
      2300592.75,
      26946988.0,
      3586404.25,
      197872992.0,
      255946.78125,
      26953292.0,
      4759599.5,
      123554928.0,
      3028668.5,
      18882798.0,
      781605.6875,
      981120.1875,
      182538.15625,
      12495460.0,
      259315632.0,
      2781625.25,
      184613104.0,
      152968976.0,
      23794410.0,
      3629871.0,
      84684120.0,
      45617188.0,
      7012344.0,
      234605952.0,
      35205132.0,
      8895168.0,
      5045179.5,
      167955296.0,
      4660369.0,
      145894240.0,
      1891247.125,
      40154300.0,
      277693216.0,
      4600791.0,
      12522886.0,
      17289888.0,
      12105476.0,
      5237510.0,
      3798197.75,
      602514.125,
      475063.8125,
      2137961.25,
      22312734.0,
      157649.3125,
      676543.875,
      278653984.0,
      2230338.0,
      695922.625,
      143035840.0,
      7671989.0,
      566219.4375,
      79549408.0,
      737286.9375,
      1033331.5625,
      731442.375,
      342974.1875,
      55115228.0,
      49820496.0,
      2550276.25,
      11206100.0,
      183150.640625,
      61099096.0,
      86077912.0,
      281269152.0,
      11467348.0,
      98850864.0,
      2983572.75,
      2682574.25,
      732218.25,
      6833128.5,
      193895696.0,
      180821424.0,
      72994592.0,
      9922103.0,
      295350.34375,
      9163464.0,
      218586832.0,
      344932.71875,
      8908863.0,
      95421016.0,
      486023.9375,
      96352.8203125,
      29937712.0,
      3167494.0,
      4080520.25,
      342923232.0,
      82402384.0,
      179193040.0,
      3463048.0
    ],
    "val_reconstruction": [
      442328.96875,
      57985.18359375,
      65427.7421875,
      102596.25,
      8823912.0,
      546291.25,
      173664.84375,
      30089.6484375,
      268144.84375,
      61359.875,
      20767.0,
      369522016.0,
      429865.1875,
      720371968.0,
      2568765.0,
      3061028.0,
      829401.875,
      75679.1796875,
      340262.84375,
      693436.875
    ],
    "val_consistency": [
      24.035072326660156,
      11.986878395080566,
      11.509899139404297,
      12.563082695007324,
      96.29622650146484,
      31.394018173217773,
      19.064687728881836,
      8.051458358764648,
      22.987152099609375,
      13.09049129486084,
      6.498326301574707,
      525.515380859375,
      24.91999626159668,
      743.2420043945312,
      63.5272216796875,
      57.51506423950195,
      37.087764739990234,
      14.613299369812012,
      22.63728141784668,
      33.17849349975586
    ],
    "val_total_loss": [
      442353.00382232666,
      57997.17047214508,
      65439.252086639404,
      102608.81308269501,
      8824008.296226501,
      546322.6440181732,
      173683.90843772888,
      30097.699895858765,
      268167.8309020996,
      61372.96549129486,
      20773.498326301575,
      369522541.51538086,
      429890.1074962616,
      720372711.2420044,
      2568828.5272216797,
      3061085.5150642395,
      829438.96276474,
      75693.79298686981,
      340285.48103141785,
      693470.0534934998
    ]
  },
  "config": {
    "model_name": "poisson_diffusion_photography",
    "dataset_path": "/tmp/dummy",