{
  "photography": {
    "5000e": {
      "electron_count": 5000,
      "statistics": {
        "psnr_mean": 7.349582612514496,
        "psnr_std": 0.7646384835243225,
        "chi2_mean": 234.66963958740234,
        "chi2_std": 12.674095153808594,
        "time_mean": 3.4567065238952637,
        "time_std": 0.10066962242126465
      },
      "num_samples": 2
    }
  },
  "microscopy": {
    "2000e": {
      "electron_count": 2000,
      "statistics": {
        "psnr_mean": 4.711606353521347,
        "psnr_std": 0.10804876685142517,
        "chi2_mean": 237.97543334960938,
        "chi2_std": 0.067657470703125,
        "time_mean": 3.36941134929657,
        "time_std": 0.004830718040466309
      },
      "num_samples": 2
    }
  }
}