{
  "pattern_type": "gradient",
  "photon_level": 100,
  "read_noise": 1,
  "background": 10.0,
  "image_size": 128,
  "mean_photons": 59.999996185302734,
  "theoretical_variance": 60.999996185302734,
  "empirical_variance": 61.501548767089844,
  "snr_db": 8.85486364364624
}
