{
  "pattern_type": "gradient",
  "photon_level": 1000.0,
  "read_noise": 5.0,
  "background": 10.0,
  "image_size": 128,
  "mean_photons": 510.0000305175781,
  "theoretical_variance": 535.0,
  "empirical_variance": 541.6136474609375,
  "snr_db": 13.43393325805664
}
