{
  "pattern_type": "gradient",
  "photon_level": 100.0,
  "read_noise": 5.0,
  "background": 10.0,
  "image_size": 128,
  "mean_photons": 59.999996185302734,
  "theoretical_variance": 85.0,
  "empirical_variance": 83.6730728149414,
  "snr_db": 8.13441812992096
}
