{
  "checkpoint_path": "checkpoints/best_checkpoint.pt",
  "device": "cuda",
  "inference_time_seconds": 1.608358383178711,
  "num_samples": 4,
  "average_metrics": {
    "psnr": 23.735083348115804,
    "ssim": 0.9826866537332535,
    "mse": 0.004231503582559526
  },
  "per_sample_metrics": [
    {
      "mse": 0.004217532929033041,
      "psnr": 23.74940488170425,
      "ssim": 0.9827609658241272
    },
    {
      "mse": 0.004225182346999645,
      "psnr": 23.741535155097672,
      "ssim": 0.9827013611793518
    },
    {
      "mse": 0.004220354836434126,
      "psnr": 23.746500041090943,
      "ssim": 0.9827300310134888
    },
    {
      "mse": 0.004262944217771292,
      "psnr": 23.702893314570346,
      "ssim": 0.9825542569160461
    }
  ],
  "model_parameters": 9857
}